name,email,organization,course
Alice Johnson,alice@example.com,ACME Corp,Web Development Fundamentals
Bob Smith,bob@test.org,Globex Inc,Advanced React Patterns
Charlie Brown,charlie@mail.com,Initech,Node.js Backend Mastery
Diana Prince,diana@wayne.com,Wayne Enterprises,Cybersecurity Essentials
Eve Wilson,eve@newco.com,NewCo Ventures,Cloud Architecture
Frank Castle,frank@shield.gov,S.H.I.E.L.D.,Incident Response
Grace Hopper,grace@navy.mil,US Navy,Compiler Design
Hank Pym,hank@pymtech.com,Pym Technologies,Quantum Computing
Ivy League,ivy@university.edu,State University,Data Science
Jack Sparrow,jack@blackpearl.com,Black Pearl Shipping,Navigation Systems
